year,phase,dep_rate_pct,dep_start,dep_interest,dep_withdraw,dep_end,ofz_start,ofz_growth,ofz_end,iis_open,tax_refund,living_cash_year,living_cash_month,lump_withdraw,net_cash_to_owner,total_capital_end,available_rent_mo,ok_100k
2026,накопление,12.5,14000000,1750000,0,15750000,6000000,990000,6990000,True,0,0,0,0,0,22740000,0,True
2027,накопление,12.5,15750000,1968750,0,17718750,6990000,1153350,8143350,True,52000,0,0,0,52000,25862100,0,True
2028,конец накопления / изъятие,12.5,17718750,2214844,10000000,9933594,8143350,1343653,9487003,True,0,0,0,10000000,10000000,19420596,103475,True
2029,рента до закрытия ИИС,12.5,9933594,1241699,0,9933594,9487003,1565355,11052358,True,0,1241699,103475,0,1241699,20985952,103475,True
2030,рента до закрытия ИИС,12.5,9933594,1241699,0,9933594,11052358,1823639,12875997,True,0,1241699,103475,0,1241699,22809591,103475,True
2031,рента до закрытия ИИС,9.0,9933594,894023,0,9933594,12875997,2124540,15000537,True,0,894023,74502,0,894023,24934131,74502,False
2032,рента до закрытия ИИС,9.0,9933594,894023,0,9933594,15000537,2475089,17475625,True,0,894023,74502,0,894023,27409219,74502,False
2033,рента до закрытия ИИС,9.0,9933594,894023,0,9933594,17475625,2883478,20359104,True,0,894023,74502,0,894023,30292697,74502,False
2034,рента до закрытия ИИС,9.0,9933594,894023,0,9933594,20359104,3359252,23718356,True,0,894023,74502,0,894023,33651949,74502,False
2035,рента до закрытия ИИС,9.0,9933594,894023,0,9933594,23718356,3913529,27631884,True,0,894023,74502,0,894023,37565478,74502,False
2036,закрытие ИИС,9.0,9933594,3791227,0,42124739,27631884,4559261,0,False,0,3791227,315936,0,3791227,42124739,315936,True
2037,рента объединённая,9.0,42124739,3791227,0,42124739,0,0,0,False,0,3791227,315936,0,3791227,42124739,315936,True
2038,рента объединённая,9.0,42124739,3791227,0,42124739,0,0,0,False,0,3791227,315936,0,3791227,42124739,315936,True
2039,рента объединённая,9.0,42124739,3791227,0,42124739,0,0,0,False,0,3791227,315936,0,3791227,42124739,315936,True
2040,рента объединённая,9.0,42124739,3791227,0,42124739,0,0,0,False,0,3791227,315936,0,3791227,42124739,315936,True
