year,phase,dep_rate_pct,dep_start,dep_interest,principal_eaten,dep_end,ofz_start,ofz_growth,ofz_end,iis_open,tax_refund,living_year,living_month,living_shortfall_year,lump_withdraw,net_cash_to_owner,total_capital_end,safe_rent_mo_on_remainder,ok_100k
2026,рента 100к/мес,12.5,14000000,1750000,0,14550000,6000000,990000,6990000,True,0,1200000,100000,0,0,1200000,21540000,151562,True
2027,рента 100к/мес,12.5,14550000,1818750,0,15168750,6990000,1153350,8143350,True,52000,1200000,100000,0,0,1252000,23312100,158008,True
2028,изъятие 10 млн + рента,12.5,15168750,1896094,0,5864844,8143350,1343653,9487003,True,0,1200000,100000,0,10000000,11200000,15351846,61092,True
2029,рента до закрытия ИИС,12.5,5864844,733105,466895,5397949,9487003,1565355,11052358,True,0,1200000,100000,0,0,1200000,16450307,56229,False
2030,рента до закрытия ИИС,12.5,5397949,674744,525256,4872693,11052358,1823639,12875997,True,0,1200000,100000,0,0,1200000,17748690,50757,False
2031,закрытие ИИС + рента,9.0,4872693,1788591,0,20461820,12875997,2124540,0,False,0,1200000,100000,0,0,1200000,20461820,153464,True
2032,рента объединённая,9.0,20461820,1841564,0,21103384,0,0,0,False,0,1200000,100000,0,0,1200000,21103384,158275,True
2033,рента объединённая,9.0,21103384,1899305,0,21802689,0,0,0,False,0,1200000,100000,0,0,1200000,21802689,163520,True
2034,рента объединённая,9.0,21802689,1962242,0,22564931,0,0,0,False,0,1200000,100000,0,0,1200000,22564931,169237,True
2035,рента объединённая,9.0,22564931,2030844,0,23395775,0,0,0,False,0,1200000,100000,0,0,1200000,23395775,175468,True
2036,рента объединённая,9.0,23395775,2105620,0,24301394,0,0,0,False,0,1200000,100000,0,0,1200000,24301394,182260,True
2037,рента объединённая,9.0,24301394,2187125,0,25288520,0,0,0,False,0,1200000,100000,0,0,1200000,25288520,189664,True
2038,рента объединённая,9.0,25288520,2275967,0,26364487,0,0,0,False,0,1200000,100000,0,0,1200000,26364487,197734,True
2039,рента объединённая,9.0,26364487,2372804,0,27537290,0,0,0,False,0,1200000,100000,0,0,1200000,27537290,206530,True
2040,рента объединённая,9.0,27537290,2478356,0,28815647,0,0,0,False,0,1200000,100000,0,0,1200000,28815647,216117,True
