scenario_id,scenario,year,phase,where_money_end,dep_start,dep_rate_pct,dep_interest_income,dep_tax_free_allowance_used,tax_deposit_ndfl,dep_end,ofz_start,ofz_ytm_pct,ofz_accrued_income,ofz_end,iis_open,iis_transfer_to_pool,ofz_finresult_on_close,tax_iis_close_model,tax_iis_close_if_no_relief,tax_refund_iis_contrib,income_living_withdrawn,income_living_per_month,expense_lump_withdraw,expense_principal_eaten,expense_living_shortfall,total_income_economic,total_expense_cash,net_cash_to_owner,total_capital_end,ok_100k_sustainable
v2,V2 — 100к/мес после 3 лет,2026,накопление,депозиты 15 540 700; ОФЗ на ИИС-3 6 990 000,14000000,12.5,1750000,140000,209300,15540700,6000000,16.5,990000,6990000,True,0,0,0,0,0,0,0,0,0,0,2740000,209300,-209300,22530700,True
v2,V2 — 100к/мес после 3 лет,2027,накопление,депозиты 17 300 951; ОФЗ на ИИС-3 8 143 350,15540700,12.5,1942588,140000,234336,17300951,6990000,16.5,1153350,8143350,True,0,0,0,0,52000,0,0,0,0,0,3147938,234336,-182336,25444301,True
v2,V2 — 100к/мес после 3 лет,2028,изъятие 10 млн,депозиты 9 200 630; ОФЗ на ИИС-3 9 487 003,17300951,12.5,2162619,140000,262940,9200630,8143350,16.5,1343653,9487003,True,0,0,0,0,0,0,0,10000000,0,0,3506272,10262940,9737060,18687632,True
v2,V2 — 100к/мес после 3 лет,2029,"рента, ИИС открыт",депозиты 9 019 398; ОФЗ на ИИС-3 11 052 358,9200630,12.5,1150079,140000,131310,9019398,9487003,16.5,1565355,11052358,True,0,0,0,0,0,1200000,100000,0,49921,0,2715434,1331310,1068690,20071756,False
v2,V2 — 100к/мес после 3 лет,2030,"рента, ИИС открыт",депозиты 8 818 458; ОФЗ на ИИС-3 12 875 997,9019398,12.5,1127425,140000,128365,8818458,11052358,16.5,1823639,12875997,True,0,0,0,0,0,1200000,100000,0,72575,0,2951064,1328365,1071635,21694455,False
v2,V2 — 100к/мес после 3 лет,2031,закрытие ИИС + рента,депозиты 24 502 222,8818458,9.0,2143709,140000,260482,24502222,12875997,16.5,2124540,0,False,15000537,9000537,0,1170070,0,1200000,100000,0,0,0,4268249,1460482,939518,24502222,True
v2,V2 — 100к/мес после 3 лет,2032,"рента, единый пул",депозиты 25 238 946,24502222,9.0,2205200,140000,268476,25238946,0,0.0,0,0,False,0,0,0,0,0,1200000,100000,0,0,0,2205200,1468476,931524,25238946,True
v2,V2 — 100к/мес после 3 лет,2033,"рента, единый пул",депозиты 26 033 355,25238946,9.0,2271505,140000,277096,26033355,0,0.0,0,0,False,0,0,0,0,0,1200000,100000,0,0,0,2271505,1477096,922904,26033355,True
v2,V2 — 100к/мес после 3 лет,2034,"рента, единый пул",депозиты 26 889 967,26033355,9.0,2343002,140000,286390,26889967,0,0.0,0,0,False,0,0,0,0,0,1200000,100000,0,0,0,2343002,1486390,913610,26889967,True
v2,V2 — 100к/мес после 3 лет,2035,"рента, единый пул",депозиты 27 813 651,26889967,9.0,2420097,140000,296413,27813651,0,0.0,0,0,False,0,0,0,0,0,1200000,100000,0,0,0,2420097,1496413,903587,27813651,True
v2,V2 — 100к/мес после 3 лет,2036,"рента, единый пул",депозиты 28 809 660,27813651,9.0,2503229,140000,307220,28809660,0,0.0,0,0,False,0,0,0,0,0,1200000,100000,0,0,0,2503229,1507220,892780,28809660,True
v2,V2 — 100к/мес после 3 лет,2037,"рента, единый пул",депозиты 29 883 656,28809660,9.0,2592869,140000,318873,29883656,0,0.0,0,0,False,0,0,0,0,0,1200000,100000,0,0,0,2592869,1518873,881127,29883656,True
v2,V2 — 100к/мес после 3 лет,2038,"рента, единый пул",депозиты 31 041 747,29883656,9.0,2689529,140000,331439,31041747,0,0.0,0,0,False,0,0,0,0,0,1200000,100000,0,0,0,2689529,1531439,868561,31041747,True
v2,V2 — 100к/мес после 3 лет,2039,"рента, единый пул",депозиты 32 290 516,31041747,9.0,2793757,140000,344988,32290516,0,0.0,0,0,False,0,0,0,0,0,1200000,100000,0,0,0,2793757,1544988,855012,32290516,True
v2,V2 — 100к/мес после 3 лет,2040,"рента, единый пул",депозиты 33 637 063,32290516,9.0,2906146,140000,359599,33637063,0,0.0,0,0,False,0,0,0,0,0,1200000,100000,0,0,0,2906146,1559599,840401,33637063,True
