year,dep_rate_pct,dep_start,dep_interest,dep_ndfl,dep_end,iis_start,iis_interest,iis_ndfl,iis_end,living_year,extra_withdraw,total_end
2026,12.5,14000000,1750000,209300,14340700,6000000,990000,0,6990000,1200000,0,21330700
2027,12.5,14340700,1792588,214836,14770451,6990000,1153350,0,8143350,1200000,0,22913801
2028,12.5,14770451,1846306,221820,5194938,8143350,1343653,0,9487003,1200000,10000000,14681940
2029,12.5,5194938,649367,66218,4578087,9487003,1565355,0,11052358,1200000,0,15630445
2030,12.5,4578087,572261,56194,3894154,11052358,1823639,0,12875997,1200000,0,16770151
2031,9.0,3894154,1700522,202868,19192345,12875997,2124540,0,0,1200000,0,19192345
2032,9.0,19192345,1727311,206350,19513306,0,0,0,0,1200000,0,19513306
2033,9.0,19513306,1756198,210106,19859398,0,0,0,0,1200000,0,19859398
2034,9.0,19859398,1787346,214155,20232589,0,0,0,0,1200000,0,20232589
2035,9.0,20232589,1820933,218521,20635000,0,0,0,0,1200000,0,20635000
2036,9.0,20635000,1857150,223230,21068921,0,0,0,0,1200000,0,21068921
2037,9.0,21068921,1896203,228306,21536817,0,0,0,0,1200000,0,21536817
2038,9.0,21536817,1938314,233781,22041350,0,0,0,0,1200000,0,22041350
2039,9.0,22041350,1983722,239684,22585388,0,0,0,0,1200000,0,22585388
2040,9.0,22585388,2032685,246049,23172024,0,0,0,0,1200000,0,23172024
