scenario,dep0,iis0,dep_a0,dep_b0,year,dep_rate_pct,dep_start,dep_a_start,dep_b_start,dep_interest,dep_ndfl,pension_year,pension_shortfall,extra_withdraw,iis_refund,from_iis,dep_end,dep_a_end,dep_b_end,dep_check,iis_start,iis_interest,iis_ndfl,iis_end,iis_check,total_end
V3a,20000000,0,0,0,2026,12.5,20000000,,,2577127,316826,1200000,0,0,0,0,21060300,,,0.0,0,0,0,0,0.0,21060300
V3a,20000000,0,0,0,2027,12.5,21060300,,,2717528,335079,1200000,0,0,0,0,22242749,,,-0.0,0,0,0,0,0.0,22242749
V3a,20000000,0,0,0,2028,12.5,22242749,,,2874103,355433,1200000,0,10000000,0,0,13561419,,,0.0,0,0,0,0,0.0,13561419
V3a,20000000,0,0,0,2029,12.5,13561419,,,1724555,205992,1200000,0,0,0,0,13879982,,,0.0,0,0,0,0,0.0,13879982
V3a,20000000,0,0,0,2030,12.5,13879982,,,1766738,211476,1200000,0,0,0,0,14235245,,,-0.0,0,0,0,0,0.0,14235245
V3a,20000000,0,0,0,2031,9.0,14235245,,,1284605,148799,1200000,0,0,0,0,14171051,,,0.0,0,0,0,0,0.0,14171051
V3a,20000000,0,0,0,2032,9.0,14171051,,,1278584,148016,1200000,0,0,0,0,14101619,,,0.0,0,0,0,0,0.0,14101619
V3a,20000000,0,0,0,2033,9.0,14101619,,,1272071,147169,1200000,0,0,0,0,14026521,,,-0.0,0,0,0,0,0.0,14026521
V3a,20000000,0,0,0,2034,9.0,14026521,,,1265026,146253,1200000,0,0,0,0,13945293,,,-0.0,0,0,0,0,0.0,13945293
V3a,20000000,0,0,0,2035,9.0,13945293,,,1257406,145263,1200000,0,0,0,0,13857436,,,0.0,0,0,0,0,0.0,13857436
V3a,20000000,0,0,0,2036,9.0,13857436,,,1249164,144191,1200000,0,0,0,0,13762409,,,-0.0,0,0,0,0,0.0,13762409
V3a,20000000,0,0,0,2037,9.0,13762409,,,1240250,143033,1200000,0,0,0,0,13659627,,,0.0,0,0,0,0,0.0,13659627
V3a,20000000,0,0,0,2038,9.0,13659627,,,1230609,141779,1200000,0,0,0,0,13548456,,,0.0,0,0,0,0,0.0,13548456
V3a,20000000,0,0,0,2039,9.0,13548456,,,1220180,140423,1200000,0,0,0,0,13428213,,,0.0,0,0,0,0,0.0,13428213
V3a,20000000,0,0,0,2040,9.0,13428213,,,1208900,138957,1200000,0,0,0,0,13298156,,,0.0,0,0,0,0,0.0,13298156
