scenario,dep0,iis0,year,dep_rate_pct,dep_start,dep_interest,dep_ndfl,pension_year,pension_shortfall,extra_withdraw,iis_refund,from_iis,dep_end,dep_check,iis_start,iis_interest,iis_ndfl,iis_end,iis_check,total_end
V3b,20000000,0,2026,12.5,20000000,2648321,326082,0,0,0,0,0,22322239,0.0,0,0,0,0,0.0,22322239
V3b,20000000,0,2027,12.5,22322239,2955823,366057,0,0,0,0,0,24912005,0.0,0,0,0,0,0.0,24912005
V3b,20000000,0,2028,12.5,24912005,3298749,410637,0,0,10000000,0,0,17800117,0.0,0,0,0,0,0.0,17800117
V3b,20000000,0,2029,12.5,17800117,2285827,278958,1200000,0,0,0,0,18606986,0.0,0,0,0,0,0.0,18606986
V3b,20000000,0,2030,12.5,18606986,2392670,292847,1200000,0,0,0,0,19506809,-0.0,0,0,0,0,0.0,19506809
V3b,20000000,0,2031,9.0,19506809,1779115,213085,1200000,0,0,0,0,19872838,0.0,0,0,0,0,0.0,19872838
V3b,20000000,0,2032,9.0,19872838,1813451,217549,1200000,0,0,0,0,20268740,0.0,0,0,0,0,0.0,20268740
V3b,20000000,0,2033,9.0,20268740,1850589,222377,1200000,0,0,0,0,20696953,0.0,0,0,0,0,0.0,20696953
V3b,20000000,0,2034,9.0,20696953,1890758,227599,1200000,0,0,0,0,21160113,-0.0,0,0,0,0,0.0,21160113
V3b,20000000,0,2035,9.0,21160113,1934206,233247,1200000,0,0,0,0,21661072,-0.0,0,0,0,0,0.0,21661072
V3b,20000000,0,2036,9.0,21661072,1981199,239356,1200000,0,0,0,0,22202915,-0.0,0,0,0,0,0.0,22202915
V3b,20000000,0,2037,9.0,22202915,2032028,245964,1200000,0,0,0,0,22788980,-0.0,0,0,0,0,0.0,22788980
V3b,20000000,0,2038,9.0,22788980,2087005,253111,1200000,0,0,0,0,23422874,0.0,0,0,0,0,0.0,23422874
V3b,20000000,0,2039,9.0,23422874,2146468,260841,1200000,0,0,0,0,24108501,0.0,0,0,0,0,0.0,24108501
V3b,20000000,0,2040,9.0,24108501,2210785,269202,1200000,0,0,0,0,24850084,-0.0,0,0,0,0,0.0,24850084
